{"files":{"tinymce-rails.manifest-6a3cf5192354f71615ac51034b3e97c20eda99643fcaf5bbe6d41ad59bd12167.js":{"logical_path":"tinymce-rails.manifest.js","mtime":"2023-02-26T12:57:25+00:00","size":3,"digest":"6a3cf5192354f71615ac51034b3e97c20eda99643fcaf5bbe6d41ad59bd12167","integrity":"sha256-ajz1GSNU9xYVrFEDSz6Xwg7amWQ/yvW75tQa1ZvRIWc="},"tinymce/icons/default/icons-211fc0be30219de61f0e2117c9449817bb31cf49e783f43929d97b023fb2db44.js":{"logical_path":"tinymce/icons/default/icons.js","mtime":"2023-02-26T12:57:25+00:00","size":66162,"digest":"211fc0be30219de61f0e2117c9449817bb31cf49e783f43929d97b023fb2db44","integrity":"sha256-IR/AvjAhneYfDiEXyUSYF7sxz0nng/Q5Kdl7Aj+y20Q="},"tinymce/models/dom/model-4b272503274b773aeb40d04e2228274f235aeed778011044aeee78ca6aa56e84.js":{"logical_path":"tinymce/models/dom/model.js","mtime":"2023-02-26T12:57:25+00:00","size":95812,"digest":"4b272503274b773aeb40d04e2228274f235aeed778011044aeee78ca6aa56e84","integrity":"sha256-SyclAydLdzrrQNBOIignTyNa7td4ARBEru54ymqlboQ="},"tinymce/plugins/advlist/plugin-1ca36afe463dbdb60507010c3aaad041f0446be5d8e640c02e9e87b45d3826aa.js":{"logical_path":"tinymce/plugins/advlist/plugin.js","mtime":"2023-02-26T12:57:25+00:00","size":3620,"digest":"1ca36afe463dbdb60507010c3aaad041f0446be5d8e640c02e9e87b45d3826aa","integrity":"sha256-HKNq/kY9vbYFBwEMOqrQQfBEa+XY5kDALp6HtF04Jqo="},"tinymce/plugins/anchor/plugin-ecf01c60f566dab033e2c7511fac1100a32613c23e9c8e426d04937aecb0e566.js":{"logical_path":"tinymce/plugins/anchor/plugin.js","mtime":"2023-02-26T12:57:25+00:00","size":2518,"digest":"ecf01c60f566dab033e2c7511fac1100a32613c23e9c8e426d04937aecb0e566","integrity":"sha256-7PAcYPVm2rAz4sdRH6wRAKMmE8I+nI5CbQSTeuyw5WY="},"tinymce/plugins/autolink/plugin-cc42db34e1217fd780d5eb940ad92c81773cc10ac0d24a69ecb97ec80e7b704f.js":{"logical_path":"tinymce/plugins/autolink/plugin.js","mtime":"2023-02-26T12:57:25+00:00","size":3261,"digest":"cc42db34e1217fd780d5eb940ad92c81773cc10ac0d24a69ecb97ec80e7b704f","integrity":"sha256-zELbNOEhf9eA1euUCtksgXc8wQrA0kpp7Ll+yA57cE8="},"tinymce/plugins/autoresize/plugin-6f6671946115f89be23380e369190f34d4f7f85cf79c158eb5890e162696f7a4.js":{"logical_path":"tinymce/plugins/autoresize/plugin.js","mtime":"2023-02-26T12:57:25+00:00","size":2110,"digest":"6f6671946115f89be23380e369190f34d4f7f85cf79c158eb5890e162696f7a4","integrity":"sha256-b2ZxlGEV+JviM4DjaRkPNNT3+Fz3nBWOtYkOFiaW96Q="},"tinymce/plugins/autosave/plugin-099b859439629b71ff8c30b858371a0931f02f1c1047ba52693f27a372c09c46.js":{"logical_path":"tinymce/plugins/autosave/plugin.js","mtime":"2023-02-26T12:57:25+00:00","size":3330,"digest":"099b859439629b71ff8c30b858371a0931f02f1c1047ba52693f27a372c09c46","integrity":"sha256-CZuFlDlim3H/jDC4WDcaCTHwLxwQR7pSaT8no3LAnEY="},"tinymce/plugins/charmap/plugin-2b98150648870d082c52ede69bd65943cc93f907e4e1abe693992654c4dd4dd5.js":{"logical_path":"tinymce/plugins/charmap/plugin.js","mtime":"2023-02-26T12:57:25+00:00","size":11013,"digest":"2b98150648870d082c52ede69bd65943cc93f907e4e1abe693992654c4dd4dd5","integrity":"sha256-K5gVBkiHDQgsUu3mm9ZZQ8yT+Qfk4avmk5kmVMTdTdU="},"tinymce/plugins/code/plugin-e303c44f7806ddbd13ac759310087d71e8fc8aed99c2e52a991f8e4d18a665bd.js":{"logical_path":"tinymce/plugins/code/plugin.js","mtime":"2023-02-26T12:57:25+00:00","size":879,"digest":"e303c44f7806ddbd13ac759310087d71e8fc8aed99c2e52a991f8e4d18a665bd","integrity":"sha256-4wPET3gG3b0TrHWTEAh9cej8iu2ZwuUqmR+OTRimZb0="},"tinymce/plugins/codesample/plugin-7e45a8bdc23c08d0edbf249dee421dec6764de56f56de87760011bafbbb2e1ac.js":{"logical_path":"tinymce/plugins/codesample/plugin.js","mtime":"2023-02-26T12:57:25+00:00","size":48070,"digest":"7e45a8bdc23c08d0edbf249dee421dec6764de56f56de87760011bafbbb2e1ac","integrity":"sha256-fkWovcI8CNDtvySd7kId7Gdk3lb1beh3YAEbr7uy4aw="},"tinymce/plugins/directionality/plugin-f31142c72963a845818ea65d25efb2ea76c0519a88ffb0b282f81d0b819b7e9c.js":{"logical_path":"tinymce/plugins/directionality/plugin.js","mtime":"2023-02-26T12:57:25+00:00","size":4362,"digest":"f31142c72963a845818ea65d25efb2ea76c0519a88ffb0b282f81d0b819b7e9c","integrity":"sha256-8xFCxyljqEWBjqZdJe+y6nbAUZqI/7CygvgdC4Gbfpw="},"tinymce/plugins/emoticons/js/emojiimages-5fb6508e2e3d8cdb0fa74f836f71a425edb361b32d6a74c782ddf6276b52a26f.js":{"logical_path":"tinymce/plugins/emoticons/js/emojiimages.js","mtime":"2023-02-26T12:57:25+00:00","size":416096,"digest":"5fb6508e2e3d8cdb0fa74f836f71a425edb361b32d6a74c782ddf6276b52a26f","integrity":"sha256-X7ZQji49jNsPp0+Db3GkJe2zYbMtanTHgt32J2tSom8="},"tinymce/plugins/emoticons/js/emojis-95f79619d59f6c808bafc1b12341090902be63b3a5c340cc2cabcf3e16aa4c3a.js":{"logical_path":"tinymce/plugins/emoticons/js/emojis.js","mtime":"2023-02-26T12:57:25+00:00","size":192857,"digest":"95f79619d59f6c808bafc1b12341090902be63b3a5c340cc2cabcf3e16aa4c3a","integrity":"sha256-lfeWGdWfbICLr8GxI0EJCQK+Y7Olw0DMLKvPPhaqTDo="},"tinymce/plugins/emoticons/plugin-cb00052755d103e3151de71e75bbe92d9fc29a6662fb12097fef5610b37f52d6.js":{"logical_path":"tinymce/plugins/emoticons/plugin.js","mtime":"2023-02-26T12:57:25+00:00","size":6392,"digest":"cb00052755d103e3151de71e75bbe92d9fc29a6662fb12097fef5610b37f52d6","integrity":"sha256-ywAFJ1XRA+MVHecedbvpLZ/CmmZi+xIJf+9WELN/UtY="},"tinymce/plugins/fullscreen/plugin-9cfadffc0bf8ec8eae65e7745ba72850d9114b2ed357b7022e236e8f0ed42457.js":{"logical_path":"tinymce/plugins/fullscreen/plugin.js","mtime":"2023-02-26T12:57:25+00:00","size":14723,"digest":"9cfadffc0bf8ec8eae65e7745ba72850d9114b2ed357b7022e236e8f0ed42457","integrity":"sha256-nPrf/Av47I6uZed0W6coUNkRSy7TV7cCLiNujw7UJFc="},"tinymce/plugins/help/plugin-a82a31baa3b89a8b6452891e79e7dabf3387eb1e2a49b23afeff9d23985ae21c.js":{"logical_path":"tinymce/plugins/help/plugin.js","mtime":"2023-02-26T12:57:25+00:00","size":14013,"digest":"a82a31baa3b89a8b6452891e79e7dabf3387eb1e2a49b23afeff9d23985ae21c","integrity":"sha256-qCoxuqO4motkUokeeefavzOH6x4qSbI6/v+dI5ha4hw="},"tinymce/plugins/image/plugin-e03867d1a65cba92505705cca4bc674f88cf775e401eaee2505af180f2666d68.js":{"logical_path":"tinymce/plugins/image/plugin.js","mtime":"2023-02-26T12:57:25+00:00","size":19344,"digest":"e03867d1a65cba92505705cca4bc674f88cf775e401eaee2505af180f2666d68","integrity":"sha256-4Dhn0aZcupJQVwXMpLxnT4jPd15AHq7iUFrxgPJmbWg="},"tinymce/plugins/importcss/plugin-c77550df787779d22d22215eceeec244d9db069ecb17a46c77069fd75435e53a.js":{"logical_path":"tinymce/plugins/importcss/plugin.js","mtime":"2023-02-26T12:57:25+00:00","size":4055,"digest":"c77550df787779d22d22215eceeec244d9db069ecb17a46c77069fd75435e53a","integrity":"sha256-x3VQ33h3edItIiFezu7CRNnbBp7LF6Rsdwaf11Q15To="},"tinymce/plugins/insertdatetime/plugin-7c666f44723cd65290805bd73219555a37a695a063b73d7030e44632dc799505.js":{"logical_path":"tinymce/plugins/insertdatetime/plugin.js","mtime":"2023-02-26T12:57:25+00:00","size":2885,"digest":"7c666f44723cd65290805bd73219555a37a695a063b73d7030e44632dc799505","integrity":"sha256-fGZvRHI81lKQgFvXMhlVWjemlaBjtz1wMORGMtx5lQU="},"tinymce/plugins/link/plugin-d288d4f44318c75dfc311e9607f545ebb4838fa8d84529541770f0506a0cc72d.js":{"logical_path":"tinymce/plugins/link/plugin.js","mtime":"2023-02-26T12:57:25+00:00","size":15493,"digest":"d288d4f44318c75dfc311e9607f545ebb4838fa8d84529541770f0506a0cc72d","integrity":"sha256-0ojU9EMYx138MR6WB/VF67SDj6jYRSlUF3DwUGoMxy0="},"tinymce/plugins/lists/plugin-b27fe39f9d4ce5840352a72732ba057d2a10952a0f7993af71c4661d76ce9fdc.js":{"logical_path":"tinymce/plugins/lists/plugin.js","mtime":"2023-02-26T12:57:25+00:00","size":23338,"digest":"b27fe39f9d4ce5840352a72732ba057d2a10952a0f7993af71c4661d76ce9fdc","integrity":"sha256-sn/jn51M5YQDUqcnMroFfSoQlSoPeZOvccRmHXbOn9w="},"tinymce/plugins/media/plugin-7011361fd9a2873fc7a5cc30684e130ae3c9aab99386e93ed643f97b553d0de9.js":{"logical_path":"tinymce/plugins/media/plugin.js","mtime":"2023-02-26T12:57:25+00:00","size":16646,"digest":"7011361fd9a2873fc7a5cc30684e130ae3c9aab99386e93ed643f97b553d0de9","integrity":"sha256-cBE2H9mihz/HpcwwaE4TCuPJqrmThuk+1kP5e1U9Dek="},"tinymce/plugins/nonbreaking/plugin-116b5378304619bd808c4fccbce6d0b71f066d9768f485cbf0685c352e3ef867.js":{"logical_path":"tinymce/plugins/nonbreaking/plugin.js","mtime":"2023-02-26T12:57:25+00:00","size":1418,"digest":"116b5378304619bd808c4fccbce6d0b71f066d9768f485cbf0685c352e3ef867","integrity":"sha256-EWtTeDBGGb2AjE/MvObQtx8GbZdo9IXL8GhcNS4++Gc="},"tinymce/plugins/pagebreak/plugin-6250ebefa051e5e04e55745d2729273f75f1e3c263ee4c35de49fe0f5fd598b3.js":{"logical_path":"tinymce/plugins/pagebreak/plugin.js","mtime":"2023-02-26T12:57:25+00:00","size":1508,"digest":"6250ebefa051e5e04e55745d2729273f75f1e3c263ee4c35de49fe0f5fd598b3","integrity":"sha256-YlDr76BR5eBOVXRdJyknP3Xx48Jj7kw13kn+D1/VmLM="},"tinymce/plugins/preview/plugin-2e6c7cc1e1ac4d92058155795dccf2611e354c655c2f986c664172dc06bb6a68.js":{"logical_path":"tinymce/plugins/preview/plugin.js","mtime":"2023-02-26T12:57:25+00:00","size":1720,"digest":"2e6c7cc1e1ac4d92058155795dccf2611e354c655c2f986c664172dc06bb6a68","integrity":"sha256-Lmx8weGsTZIFgVV5XczyYR41TGVcL5hsZkFy3Aa7amg="},"tinymce/plugins/quickbars/plugin-0ee2e02364a04035cddc9565ef1946fce8bb93e065a583547928bde13ed824bf.js":{"logical_path":"tinymce/plugins/quickbars/plugin.js","mtime":"2023-02-26T12:57:25+00:00","size":5070,"digest":"0ee2e02364a04035cddc9565ef1946fce8bb93e065a583547928bde13ed824bf","integrity":"sha256-DuLgI2SgQDXN3JVl7xlG/Oi7k+BlpYNUeSi94T7YJL8="},"tinymce/plugins/save/plugin-daa12c63af0ee49884478397628fc5145f7fc371b3dac72ddc56b983bb9620ae.js":{"logical_path":"tinymce/plugins/save/plugin.js","mtime":"2023-02-26T12:57:25+00:00","size":1594,"digest":"daa12c63af0ee49884478397628fc5145f7fc371b3dac72ddc56b983bb9620ae","integrity":"sha256-2qEsY68O5JiER4OXYo/FFF9/w3Gz2sct3Fa5g7uWIK4="},"tinymce/plugins/searchreplace/plugin-0cc6aa57a27c4230e7dc2ed4102e980b902e60dde1eb457d3bd143e383496737.js":{"logical_path":"tinymce/plugins/searchreplace/plugin.js","mtime":"2023-02-26T12:57:25+00:00","size":13297,"digest":"0cc6aa57a27c4230e7dc2ed4102e980b902e60dde1eb457d3bd143e383496737","integrity":"sha256-DMaqV6J8QjDn3C7UEC6YC5AuYN3h60V9O9FD44NJZzc="},"tinymce/plugins/table/plugin-f26c10be502377d4518b9dd2508667e1036d3ce19926bd34cec2209b23c2318d.js":{"logical_path":"tinymce/plugins/table/plugin.js","mtime":"2023-02-26T12:57:25+00:00","size":47027,"digest":"f26c10be502377d4518b9dd2508667e1036d3ce19926bd34cec2209b23c2318d","integrity":"sha256-8mwQvlAjd9RRi53SUIZn4QNtPOGZJr00zsIgmyPCMY0="},"tinymce/plugins/template/plugin-733c230ac8429b80700d328933bc0c4cf4d91d72fc674b7facacfe7ad8115535.js":{"logical_path":"tinymce/plugins/template/plugin.js","mtime":"2023-02-26T12:57:25+00:00","size":8109,"digest":"733c230ac8429b80700d328933bc0c4cf4d91d72fc674b7facacfe7ad8115535","integrity":"sha256-czwjCshCm4BwDTKJM7wMTPTZHXL8Z0t/rKz+etgRVTU="},"tinymce/plugins/visualblocks/plugin-36177f4ffcb13299feac944dfebe7a81b7af3731d776af399433e3a90ba37646.js":{"logical_path":"tinymce/plugins/visualblocks/plugin.js","mtime":"2023-02-26T12:57:25+00:00","size":1232,"digest":"36177f4ffcb13299feac944dfebe7a81b7af3731d776af399433e3a90ba37646","integrity":"sha256-Nhd/T/yxMpn+rJRN/r56gbevNzHXdq85lDPjqQujdkY="},"tinymce/plugins/visualchars/plugin-91b4d8608a4c97c048c8612981bc11db7a44bde22f727f6b4678aba439e527a4.js":{"logical_path":"tinymce/plugins/visualchars/plugin.js","mtime":"2023-02-26T12:57:25+00:00","size":5196,"digest":"91b4d8608a4c97c048c8612981bc11db7a44bde22f727f6b4678aba439e527a4","integrity":"sha256-kbTYYIpMl8BIyGEpgbwR23pEveIvcn9rRnirpDnlJ6Q="},"tinymce/plugins/wordcount/plugin-3f0a8d86cde97038a38db4d44a53aed04696630449d790d9a6920e7f6074251d.js":{"logical_path":"tinymce/plugins/wordcount/plugin.js","mtime":"2023-02-26T12:57:25+00:00","size":11921,"digest":"3f0a8d86cde97038a38db4d44a53aed04696630449d790d9a6920e7f6074251d","integrity":"sha256-PwqNhs3pcDijjbTUSlOu0EaWYwRJ15DZppIOf2B0JR0="},"tinymce/themes/silver/theme-9dc9e39d66eddda87c525ec458c7e579bbc6eb23023948892ed79bcafba542be.js":{"logical_path":"tinymce/themes/silver/theme.js","mtime":"2023-02-26T12:57:25+00:00","size":378846,"digest":"9dc9e39d66eddda87c525ec458c7e579bbc6eb23023948892ed79bcafba542be","integrity":"sha256-ncnjnWbt3ah8Ul7EWMflebvG6yMCOUiJLtebyvulQr4="},"tinymce/tinymce-3c587b15528e1e6df5ef2f52f783bf8258c6b6114f333881719c4b55028f6d7e.js":{"logical_path":"tinymce/tinymce.js","mtime":"2023-02-26T12:57:25+00:00","size":408452,"digest":"3c587b15528e1e6df5ef2f52f783bf8258c6b6114f333881719c4b55028f6d7e","integrity":"sha256-PFh7FVKOHm317y9S94O/gljGthFPMziBcZxLVQKPbX4="},"tinymce/skins/content/dark/content-309da6774e54298a4410ce8b46cf9fad1fdfdc8932b4eae252009183ff99c2e6.css":{"logical_path":"tinymce/skins/content/dark/content.css","mtime":"2023-02-26T12:57:25+00:00","size":1216,"digest":"309da6774e54298a4410ce8b46cf9fad1fdfdc8932b4eae252009183ff99c2e6","integrity":"sha256-MJ2md05UKYpEEM6LRs+frR/f3IkytOriUgCRg/+ZwuY="},"tinymce/skins/content/dark/content.min-309da6774e54298a4410ce8b46cf9fad1fdfdc8932b4eae252009183ff99c2e6.css":{"logical_path":"tinymce/skins/content/dark/content.min.css","mtime":"2023-02-26T12:57:25+00:00","size":1216,"digest":"309da6774e54298a4410ce8b46cf9fad1fdfdc8932b4eae252009183ff99c2e6","integrity":"sha256-MJ2md05UKYpEEM6LRs+frR/f3IkytOriUgCRg/+ZwuY="},"tinymce/skins/content/default/content-245f475b07f8bd8b85aaae5bd67077a237bf85e53185736bb1bc2092aca2b33a.css":{"logical_path":"tinymce/skins/content/default/content.css","mtime":"2023-02-26T12:57:25+00:00","size":1149,"digest":"245f475b07f8bd8b85aaae5bd67077a237bf85e53185736bb1bc2092aca2b33a","integrity":"sha256-JF9HWwf4vYuFqq5b1nB3oje/heUxhXNrsbwgkqyiszo="},"tinymce/skins/content/default/content.min-245f475b07f8bd8b85aaae5bd67077a237bf85e53185736bb1bc2092aca2b33a.css":{"logical_path":"tinymce/skins/content/default/content.min.css","mtime":"2023-02-26T12:57:25+00:00","size":1149,"digest":"245f475b07f8bd8b85aaae5bd67077a237bf85e53185736bb1bc2092aca2b33a","integrity":"sha256-JF9HWwf4vYuFqq5b1nB3oje/heUxhXNrsbwgkqyiszo="},"tinymce/skins/content/document/content-54e93abcfee4eb6acf8bacfad0d967e31d95977d2dcf74b09485608e0f486d9f.css":{"logical_path":"tinymce/skins/content/document/content.css","mtime":"2023-02-26T12:57:25+00:00","size":1248,"digest":"54e93abcfee4eb6acf8bacfad0d967e31d95977d2dcf74b09485608e0f486d9f","integrity":"sha256-VOk6vP7k62rPi6z60Nln4x2Vl30tz3SwlIVgjg9IbZ8="},"tinymce/skins/content/document/content.min-54e93abcfee4eb6acf8bacfad0d967e31d95977d2dcf74b09485608e0f486d9f.css":{"logical_path":"tinymce/skins/content/document/content.min.css","mtime":"2023-02-26T12:57:25+00:00","size":1248,"digest":"54e93abcfee4eb6acf8bacfad0d967e31d95977d2dcf74b09485608e0f486d9f","integrity":"sha256-VOk6vP7k62rPi6z60Nln4x2Vl30tz3SwlIVgjg9IbZ8="},"tinymce/skins/content/tinymce-5-dark/content-b038b03a15de40771e6565b5541b24832c37b8328256ce6c7b1dfeb10f02eab7.css":{"logical_path":"tinymce/skins/content/tinymce-5-dark/content.css","mtime":"2023-02-26T12:57:25+00:00","size":1219,"digest":"b038b03a15de40771e6565b5541b24832c37b8328256ce6c7b1dfeb10f02eab7","integrity":"sha256-sDiwOhXeQHceZWW1VBskgyw3uDKCVs5sex3+sQ8C6rc="},"tinymce/skins/content/tinymce-5-dark/content.min-b038b03a15de40771e6565b5541b24832c37b8328256ce6c7b1dfeb10f02eab7.css":{"logical_path":"tinymce/skins/content/tinymce-5-dark/content.min.css","mtime":"2023-02-26T12:57:25+00:00","size":1219,"digest":"b038b03a15de40771e6565b5541b24832c37b8328256ce6c7b1dfeb10f02eab7","integrity":"sha256-sDiwOhXeQHceZWW1VBskgyw3uDKCVs5sex3+sQ8C6rc="},"tinymce/skins/content/tinymce-5/content-245f475b07f8bd8b85aaae5bd67077a237bf85e53185736bb1bc2092aca2b33a.css":{"logical_path":"tinymce/skins/content/tinymce-5/content.css","mtime":"2023-02-26T12:57:25+00:00","size":1149,"digest":"245f475b07f8bd8b85aaae5bd67077a237bf85e53185736bb1bc2092aca2b33a","integrity":"sha256-JF9HWwf4vYuFqq5b1nB3oje/heUxhXNrsbwgkqyiszo="},"tinymce/skins/content/tinymce-5/content.min-245f475b07f8bd8b85aaae5bd67077a237bf85e53185736bb1bc2092aca2b33a.css":{"logical_path":"tinymce/skins/content/tinymce-5/content.min.css","mtime":"2023-02-26T12:57:25+00:00","size":1149,"digest":"245f475b07f8bd8b85aaae5bd67077a237bf85e53185736bb1bc2092aca2b33a","integrity":"sha256-JF9HWwf4vYuFqq5b1nB3oje/heUxhXNrsbwgkqyiszo="},"tinymce/skins/content/writer/content-2c73e4adbf51fe1bd75f24e16c46f851e9d789a85fcf5a5ff509fbb46b915b7d.css":{"logical_path":"tinymce/skins/content/writer/content.css","mtime":"2023-02-26T12:57:25+00:00","size":1170,"digest":"2c73e4adbf51fe1bd75f24e16c46f851e9d789a85fcf5a5ff509fbb46b915b7d","integrity":"sha256-LHPkrb9R/hvXXyThbEb4UenXiahfz1pf9Qn7tGuRW30="},"tinymce/skins/content/writer/content.min-2c73e4adbf51fe1bd75f24e16c46f851e9d789a85fcf5a5ff509fbb46b915b7d.css":{"logical_path":"tinymce/skins/content/writer/content.min.css","mtime":"2023-02-26T12:57:25+00:00","size":1170,"digest":"2c73e4adbf51fe1bd75f24e16c46f851e9d789a85fcf5a5ff509fbb46b915b7d","integrity":"sha256-LHPkrb9R/hvXXyThbEb4UenXiahfz1pf9Qn7tGuRW30="},"tinymce/skins/ui/oxide-dark/content-8cad78ae0aa88450a2f87df2bba4819031fb444cec201f6fd2ca13f8fbb10989.css":{"logical_path":"tinymce/skins/ui/oxide-dark/content.css","mtime":"2023-02-26T12:57:25+00:00","size":23210,"digest":"8cad78ae0aa88450a2f87df2bba4819031fb444cec201f6fd2ca13f8fbb10989","integrity":"sha256-jK14rgqohFCi+H3yu6SBkDH7REzsIB9v0soT+PuxCYk="},"tinymce/skins/ui/oxide-dark/content.inline-a55ede648af586e1a5db7dc64abedb3129a09fd8ec0a7f06c6011f9bacd96d6a.css":{"logical_path":"tinymce/skins/ui/oxide-dark/content.inline.css","mtime":"2023-02-26T12:57:25+00:00","size":23735,"digest":"a55ede648af586e1a5db7dc64abedb3129a09fd8ec0a7f06c6011f9bacd96d6a","integrity":"sha256-pV7eZIr1huGl233GSr7bMSmgn9jsCn8GxgEfm6zZbWo="},"tinymce/skins/ui/oxide-dark/content.inline.min-a55ede648af586e1a5db7dc64abedb3129a09fd8ec0a7f06c6011f9bacd96d6a.css":{"logical_path":"tinymce/skins/ui/oxide-dark/content.inline.min.css","mtime":"2023-02-26T12:57:25+00:00","size":23735,"digest":"a55ede648af586e1a5db7dc64abedb3129a09fd8ec0a7f06c6011f9bacd96d6a","integrity":"sha256-pV7eZIr1huGl233GSr7bMSmgn9jsCn8GxgEfm6zZbWo="},"tinymce/skins/ui/oxide-dark/content.min-8cad78ae0aa88450a2f87df2bba4819031fb444cec201f6fd2ca13f8fbb10989.css":{"logical_path":"tinymce/skins/ui/oxide-dark/content.min.css","mtime":"2023-02-26T12:57:25+00:00","size":23210,"digest":"8cad78ae0aa88450a2f87df2bba4819031fb444cec201f6fd2ca13f8fbb10989","integrity":"sha256-jK14rgqohFCi+H3yu6SBkDH7REzsIB9v0soT+PuxCYk="},"tinymce/skins/ui/oxide-dark/skin-92c2b26cff65020152e68800638e73263786cfa8c12a841161e6460b74343936.css":{"logical_path":"tinymce/skins/ui/oxide-dark/skin.css","mtime":"2023-02-26T12:57:25+00:00","size":65285,"digest":"92c2b26cff65020152e68800638e73263786cfa8c12a841161e6460b74343936","integrity":"sha256-ksKybP9lAgFS5ogAY45zJjeGz6jBKoQRYeZGC3Q0OTY="},"tinymce/skins/ui/oxide-dark/skin.min-92c2b26cff65020152e68800638e73263786cfa8c12a841161e6460b74343936.css":{"logical_path":"tinymce/skins/ui/oxide-dark/skin.min.css","mtime":"2023-02-26T12:57:25+00:00","size":65285,"digest":"92c2b26cff65020152e68800638e73263786cfa8c12a841161e6460b74343936","integrity":"sha256-ksKybP9lAgFS5ogAY45zJjeGz6jBKoQRYeZGC3Q0OTY="},"tinymce/skins/ui/oxide-dark/skin.shadowdom-8b1e8a4d3e3e56c6fefa4f6ddc47ebe5caf51f8d7d522d773f41a2603526d80b.css":{"logical_path":"tinymce/skins/ui/oxide-dark/skin.shadowdom.css","mtime":"2023-02-26T12:57:25+00:00","size":533,"digest":"8b1e8a4d3e3e56c6fefa4f6ddc47ebe5caf51f8d7d522d773f41a2603526d80b","integrity":"sha256-ix6KTT4+Vsb++k9t3Efr5cr1H419Ui13P0GiYDUm2As="},"tinymce/skins/ui/oxide-dark/skin.shadowdom.min-8b1e8a4d3e3e56c6fefa4f6ddc47ebe5caf51f8d7d522d773f41a2603526d80b.css":{"logical_path":"tinymce/skins/ui/oxide-dark/skin.shadowdom.min.css","mtime":"2023-02-26T12:57:25+00:00","size":533,"digest":"8b1e8a4d3e3e56c6fefa4f6ddc47ebe5caf51f8d7d522d773f41a2603526d80b","integrity":"sha256-ix6KTT4+Vsb++k9t3Efr5cr1H419Ui13P0GiYDUm2As="},"tinymce/skins/ui/oxide/content-503301297d209e2aadf62b9001ac4ee70507c7c34b6524268df0d7d3c5ce1e74.css":{"logical_path":"tinymce/skins/ui/oxide/content.css","mtime":"2023-02-26T12:57:25+00:00","size":23794,"digest":"503301297d209e2aadf62b9001ac4ee70507c7c34b6524268df0d7d3c5ce1e74","integrity":"sha256-UDMBKX0gniqt9iuQAaxO5wUHx8NLZSQmjfDX08XOHnQ="},"tinymce/skins/ui/oxide/content.inline-a55ede648af586e1a5db7dc64abedb3129a09fd8ec0a7f06c6011f9bacd96d6a.css":{"logical_path":"tinymce/skins/ui/oxide/content.inline.css","mtime":"2023-02-26T12:57:25+00:00","size":23735,"digest":"a55ede648af586e1a5db7dc64abedb3129a09fd8ec0a7f06c6011f9bacd96d6a","integrity":"sha256-pV7eZIr1huGl233GSr7bMSmgn9jsCn8GxgEfm6zZbWo="},"tinymce/skins/ui/oxide/content.inline.min-a55ede648af586e1a5db7dc64abedb3129a09fd8ec0a7f06c6011f9bacd96d6a.css":{"logical_path":"tinymce/skins/ui/oxide/content.inline.min.css","mtime":"2023-02-26T12:57:25+00:00","size":23735,"digest":"a55ede648af586e1a5db7dc64abedb3129a09fd8ec0a7f06c6011f9bacd96d6a","integrity":"sha256-pV7eZIr1huGl233GSr7bMSmgn9jsCn8GxgEfm6zZbWo="},"tinymce/skins/ui/oxide/content.min-503301297d209e2aadf62b9001ac4ee70507c7c34b6524268df0d7d3c5ce1e74.css":{"logical_path":"tinymce/skins/ui/oxide/content.min.css","mtime":"2023-02-26T12:57:25+00:00","size":23794,"digest":"503301297d209e2aadf62b9001ac4ee70507c7c34b6524268df0d7d3c5ce1e74","integrity":"sha256-UDMBKX0gniqt9iuQAaxO5wUHx8NLZSQmjfDX08XOHnQ="},"tinymce/skins/ui/oxide/skin-9f1005d7c0a0e5f21be8f453097c4bafac26dcf986e35f28303af328d25f8ec5.css":{"logical_path":"tinymce/skins/ui/oxide/skin.css","mtime":"2023-02-26T12:57:25+00:00","size":65242,"digest":"9f1005d7c0a0e5f21be8f453097c4bafac26dcf986e35f28303af328d25f8ec5","integrity":"sha256-nxAF18Cg5fIb6PRTCXxLr6wm3PmG418oMDrzKNJfjsU="},"tinymce/skins/ui/oxide/skin.min-9f1005d7c0a0e5f21be8f453097c4bafac26dcf986e35f28303af328d25f8ec5.css":{"logical_path":"tinymce/skins/ui/oxide/skin.min.css","mtime":"2023-02-26T12:57:25+00:00","size":65242,"digest":"9f1005d7c0a0e5f21be8f453097c4bafac26dcf986e35f28303af328d25f8ec5","integrity":"sha256-nxAF18Cg5fIb6PRTCXxLr6wm3PmG418oMDrzKNJfjsU="},"tinymce/skins/ui/oxide/skin.shadowdom-8b1e8a4d3e3e56c6fefa4f6ddc47ebe5caf51f8d7d522d773f41a2603526d80b.css":{"logical_path":"tinymce/skins/ui/oxide/skin.shadowdom.css","mtime":"2023-02-26T12:57:25+00:00","size":533,"digest":"8b1e8a4d3e3e56c6fefa4f6ddc47ebe5caf51f8d7d522d773f41a2603526d80b","integrity":"sha256-ix6KTT4+Vsb++k9t3Efr5cr1H419Ui13P0GiYDUm2As="},"tinymce/skins/ui/oxide/skin.shadowdom.min-8b1e8a4d3e3e56c6fefa4f6ddc47ebe5caf51f8d7d522d773f41a2603526d80b.css":{"logical_path":"tinymce/skins/ui/oxide/skin.shadowdom.min.css","mtime":"2023-02-26T12:57:25+00:00","size":533,"digest":"8b1e8a4d3e3e56c6fefa4f6ddc47ebe5caf51f8d7d522d773f41a2603526d80b","integrity":"sha256-ix6KTT4+Vsb++k9t3Efr5cr1H419Ui13P0GiYDUm2As="},"tinymce/skins/ui/tinymce-5-dark/content-8cad78ae0aa88450a2f87df2bba4819031fb444cec201f6fd2ca13f8fbb10989.css":{"logical_path":"tinymce/skins/ui/tinymce-5-dark/content.css","mtime":"2023-02-26T12:57:25+00:00","size":23210,"digest":"8cad78ae0aa88450a2f87df2bba4819031fb444cec201f6fd2ca13f8fbb10989","integrity":"sha256-jK14rgqohFCi+H3yu6SBkDH7REzsIB9v0soT+PuxCYk="},"tinymce/skins/ui/tinymce-5-dark/content.inline-a55ede648af586e1a5db7dc64abedb3129a09fd8ec0a7f06c6011f9bacd96d6a.css":{"logical_path":"tinymce/skins/ui/tinymce-5-dark/content.inline.css","mtime":"2023-02-26T12:57:25+00:00","size":23735,"digest":"a55ede648af586e1a5db7dc64abedb3129a09fd8ec0a7f06c6011f9bacd96d6a","integrity":"sha256-pV7eZIr1huGl233GSr7bMSmgn9jsCn8GxgEfm6zZbWo="},"tinymce/skins/ui/tinymce-5-dark/content.inline.min-a55ede648af586e1a5db7dc64abedb3129a09fd8ec0a7f06c6011f9bacd96d6a.css":{"logical_path":"tinymce/skins/ui/tinymce-5-dark/content.inline.min.css","mtime":"2023-02-26T12:57:25+00:00","size":23735,"digest":"a55ede648af586e1a5db7dc64abedb3129a09fd8ec0a7f06c6011f9bacd96d6a","integrity":"sha256-pV7eZIr1huGl233GSr7bMSmgn9jsCn8GxgEfm6zZbWo="},"tinymce/skins/ui/tinymce-5-dark/content.min-8cad78ae0aa88450a2f87df2bba4819031fb444cec201f6fd2ca13f8fbb10989.css":{"logical_path":"tinymce/skins/ui/tinymce-5-dark/content.min.css","mtime":"2023-02-26T12:57:25+00:00","size":23210,"digest":"8cad78ae0aa88450a2f87df2bba4819031fb444cec201f6fd2ca13f8fbb10989","integrity":"sha256-jK14rgqohFCi+H3yu6SBkDH7REzsIB9v0soT+PuxCYk="},"tinymce/skins/ui/tinymce-5-dark/skin-a55bd31986e06583d9d3ebc2314a5d3852533e686bace3355d36be52070f8984.css":{"logical_path":"tinymce/skins/ui/tinymce-5-dark/skin.css","mtime":"2023-02-26T12:57:25+00:00","size":67802,"digest":"a55bd31986e06583d9d3ebc2314a5d3852533e686bace3355d36be52070f8984","integrity":"sha256-pVvTGYbgZYPZ0+vCMUpdOFJTPmhrrOM1XTa+UgcPiYQ="},"tinymce/skins/ui/tinymce-5-dark/skin.min-a55bd31986e06583d9d3ebc2314a5d3852533e686bace3355d36be52070f8984.css":{"logical_path":"tinymce/skins/ui/tinymce-5-dark/skin.min.css","mtime":"2023-02-26T12:57:25+00:00","size":67802,"digest":"a55bd31986e06583d9d3ebc2314a5d3852533e686bace3355d36be52070f8984","integrity":"sha256-pVvTGYbgZYPZ0+vCMUpdOFJTPmhrrOM1XTa+UgcPiYQ="},"tinymce/skins/ui/tinymce-5-dark/skin.shadowdom-8b1e8a4d3e3e56c6fefa4f6ddc47ebe5caf51f8d7d522d773f41a2603526d80b.css":{"logical_path":"tinymce/skins/ui/tinymce-5-dark/skin.shadowdom.css","mtime":"2023-02-26T12:57:25+00:00","size":533,"digest":"8b1e8a4d3e3e56c6fefa4f6ddc47ebe5caf51f8d7d522d773f41a2603526d80b","integrity":"sha256-ix6KTT4+Vsb++k9t3Efr5cr1H419Ui13P0GiYDUm2As="},"tinymce/skins/ui/tinymce-5-dark/skin.shadowdom.min-8b1e8a4d3e3e56c6fefa4f6ddc47ebe5caf51f8d7d522d773f41a2603526d80b.css":{"logical_path":"tinymce/skins/ui/tinymce-5-dark/skin.shadowdom.min.css","mtime":"2023-02-26T12:57:25+00:00","size":533,"digest":"8b1e8a4d3e3e56c6fefa4f6ddc47ebe5caf51f8d7d522d773f41a2603526d80b","integrity":"sha256-ix6KTT4+Vsb++k9t3Efr5cr1H419Ui13P0GiYDUm2As="},"tinymce/skins/ui/tinymce-5/content-503301297d209e2aadf62b9001ac4ee70507c7c34b6524268df0d7d3c5ce1e74.css":{"logical_path":"tinymce/skins/ui/tinymce-5/content.css","mtime":"2023-02-26T12:57:25+00:00","size":23794,"digest":"503301297d209e2aadf62b9001ac4ee70507c7c34b6524268df0d7d3c5ce1e74","integrity":"sha256-UDMBKX0gniqt9iuQAaxO5wUHx8NLZSQmjfDX08XOHnQ="},"tinymce/skins/ui/tinymce-5/content.inline-a55ede648af586e1a5db7dc64abedb3129a09fd8ec0a7f06c6011f9bacd96d6a.css":{"logical_path":"tinymce/skins/ui/tinymce-5/content.inline.css","mtime":"2023-02-26T12:57:25+00:00","size":23735,"digest":"a55ede648af586e1a5db7dc64abedb3129a09fd8ec0a7f06c6011f9bacd96d6a","integrity":"sha256-pV7eZIr1huGl233GSr7bMSmgn9jsCn8GxgEfm6zZbWo="},"tinymce/skins/ui/tinymce-5/content.inline.min-a55ede648af586e1a5db7dc64abedb3129a09fd8ec0a7f06c6011f9bacd96d6a.css":{"logical_path":"tinymce/skins/ui/tinymce-5/content.inline.min.css","mtime":"2023-02-26T12:57:25+00:00","size":23735,"digest":"a55ede648af586e1a5db7dc64abedb3129a09fd8ec0a7f06c6011f9bacd96d6a","integrity":"sha256-pV7eZIr1huGl233GSr7bMSmgn9jsCn8GxgEfm6zZbWo="},"tinymce/skins/ui/tinymce-5/content.min-503301297d209e2aadf62b9001ac4ee70507c7c34b6524268df0d7d3c5ce1e74.css":{"logical_path":"tinymce/skins/ui/tinymce-5/content.min.css","mtime":"2023-02-26T12:57:25+00:00","size":23794,"digest":"503301297d209e2aadf62b9001ac4ee70507c7c34b6524268df0d7d3c5ce1e74","integrity":"sha256-UDMBKX0gniqt9iuQAaxO5wUHx8NLZSQmjfDX08XOHnQ="},"tinymce/skins/ui/tinymce-5/skin-5bd26365ee8e8c7a2ff8b4f650a051687a089324cab128d80a5ca4123432893b.css":{"logical_path":"tinymce/skins/ui/tinymce-5/skin.css","mtime":"2023-02-26T12:57:25+00:00","size":67874,"digest":"5bd26365ee8e8c7a2ff8b4f650a051687a089324cab128d80a5ca4123432893b","integrity":"sha256-W9JjZe6OjHov+LT2UKBRaHoIkyTKsSjYClykEjQyiTs="},"tinymce/skins/ui/tinymce-5/skin.min-5bd26365ee8e8c7a2ff8b4f650a051687a089324cab128d80a5ca4123432893b.css":{"logical_path":"tinymce/skins/ui/tinymce-5/skin.min.css","mtime":"2023-02-26T12:57:25+00:00","size":67874,"digest":"5bd26365ee8e8c7a2ff8b4f650a051687a089324cab128d80a5ca4123432893b","integrity":"sha256-W9JjZe6OjHov+LT2UKBRaHoIkyTKsSjYClykEjQyiTs="},"tinymce/skins/ui/tinymce-5/skin.shadowdom-8b1e8a4d3e3e56c6fefa4f6ddc47ebe5caf51f8d7d522d773f41a2603526d80b.css":{"logical_path":"tinymce/skins/ui/tinymce-5/skin.shadowdom.css","mtime":"2023-02-26T12:57:25+00:00","size":533,"digest":"8b1e8a4d3e3e56c6fefa4f6ddc47ebe5caf51f8d7d522d773f41a2603526d80b","integrity":"sha256-ix6KTT4+Vsb++k9t3Efr5cr1H419Ui13P0GiYDUm2As="},"tinymce/skins/ui/tinymce-5/skin.shadowdom.min-8b1e8a4d3e3e56c6fefa4f6ddc47ebe5caf51f8d7d522d773f41a2603526d80b.css":{"logical_path":"tinymce/skins/ui/tinymce-5/skin.shadowdom.min.css","mtime":"2023-02-26T12:57:25+00:00","size":533,"digest":"8b1e8a4d3e3e56c6fefa4f6ddc47ebe5caf51f8d7d522d773f41a2603526d80b","integrity":"sha256-ix6KTT4+Vsb++k9t3Efr5cr1H419Ui13P0GiYDUm2As="},"tinymce-13d89e5df85007157018be462e54fb79d34d7f32e6e4e073f4375864a3e7e844.js":{"logical_path":"tinymce.js","mtime":"2023-02-26T12:57:25+00:00","size":1124408,"digest":"13d89e5df85007157018be462e54fb79d34d7f32e6e4e073f4375864a3e7e844","integrity":"sha256-E9ieXfhQBxVwGL5GLlT7edNNfzLm5OBz9DdYZKPn6EQ="},"application-75a11da44c802486bc6f65640aa48a730f0f684c5c07a42ba3cd1735eb3fb070.js":{"logical_path":"application.js","mtime":"2023-02-26T18:19:51+00:00","size":2,"digest":"75a11da44c802486bc6f65640aa48a730f0f684c5c07a42ba3cd1735eb3fb070","integrity":"sha256-daEdpEyAJIa8b2VkCqSKcw8PaExcB6Qro80XNes/sHA="},"application-b22be7b50923b0c38eae75f31b98115b33659809d982bcd2d63c0d7de420d178.css":{"logical_path":"application.css","mtime":"2023-02-26T18:19:51+00:00","size":2474,"digest":"b22be7b50923b0c38eae75f31b98115b33659809d982bcd2d63c0d7de420d178","integrity":"sha256-sivntQkjsMOOrnXzG5gRWzNlmAnZgrzS1jwNfeQg0Xg="},"posts-e3b0c44298fc1c149afbf4c8996fb92427ae41e4649b934ca495991b7852b855.css":{"logical_path":"posts.css","mtime":"2023-02-26T18:19:51+00:00","size":0,"digest":"e3b0c44298fc1c149afbf4c8996fb92427ae41e4649b934ca495991b7852b855","integrity":"sha256-47DEQpj8HBSa+/TImW+5JCeuQeRkm5NMpJWZG3hSuFU="},"scaffolds-2c140893ec081329bc89e01deb280d54ba3ec40ebccb98ac2f91f64c4a76ee5d.css":{"logical_path":"scaffolds.css","mtime":"2023-02-26T18:19:51+00:00","size":1798,"digest":"2c140893ec081329bc89e01deb280d54ba3ec40ebccb98ac2f91f64c4a76ee5d","integrity":"sha256-LBQIk+wIEym8ieAd6ygNVLo+xA68y5isL5H2TEp27l0="},"tinymce/preinit-84328a53e798df12f891eb49871773fd9f925439c8630e9e22423a82ef9e6f89.js":{"logical_path":"tinymce/preinit.js","mtime":"2023-02-26T12:57:25+00:00","size":82,"digest":"84328a53e798df12f891eb49871773fd9f925439c8630e9e22423a82ef9e6f89","integrity":"sha256-hDKKU+eY3xL4ketJhxdz/Z+SVDnIYw6eIkI6gu+eb4k="},"tinymce/rails-ac0c73763b746f8cf38da3fea7351be9b27666ac25f1eca15902fdbcfb22e612.js":{"logical_path":"tinymce/rails.js","mtime":"2023-02-26T12:57:25+00:00","size":1345,"digest":"ac0c73763b746f8cf38da3fea7351be9b27666ac25f1eca15902fdbcfb22e612","integrity":"sha256-rAxzdjt0b4zzjaP+pzUb6bJ2Zqwl8eyhWQL9vPsi5hI="},"tinymce/tinymce-e40fe843c9b74e7bc51a30c7698bdf6c61ec323879d8d43f4d9fbf27259b571f.js":{"logical_path":"tinymce/tinymce.js","mtime":"2023-02-26T12:57:25+00:00","size":1122978,"digest":"e40fe843c9b74e7bc51a30c7698bdf6c61ec323879d8d43f4d9fbf27259b571f","integrity":"sha256-5A/oQ8m3TnvFGjDHaYvfbGHsMjh52NQ/TZ+/JyWbVx8="},"tinymce/langs/README-5a8b6a04d57b5c88e3fb7f2a870b8e2d3a48ec03ce6474206c41df78c155b2de.md":{"logical_path":"tinymce/langs/README.md","mtime":"2023-02-26T12:57:25+00:00","size":151,"digest":"5a8b6a04d57b5c88e3fb7f2a870b8e2d3a48ec03ce6474206c41df78c155b2de","integrity":"sha256-WotqBNV7XIjj+38qhwuOLTpI7APOZHQgbEHfeMFVst4="},"tinymce/license-55cc2df5c872aa8f94bb8d05839e736003069d84317bda2e4ada4c03b604871a.txt":{"logical_path":"tinymce/license.txt","mtime":"2023-02-26T12:57:25+00:00","size":1102,"digest":"55cc2df5c872aa8f94bb8d05839e736003069d84317bda2e4ada4c03b604871a","integrity":"sha256-Vcwt9chyqo+Uu40Fg55zYAMGnYQxe9ouStpMA7YEhxo="},"tinymce/tinymce.d-268b6a074f4cd34d8b511c68fc9ef88a44773cbc0b763f61a15ecf31e2fbfeca.ts":{"logical_path":"tinymce/tinymce.d.ts","mtime":"2023-02-26T12:57:25+00:00","size":121828,"digest":"268b6a074f4cd34d8b511c68fc9ef88a44773cbc0b763f61a15ecf31e2fbfeca","integrity":"sha256-JotqB09M002LURxo/J74ikR3PLwLdj9hoV7PMeL7/so="}},"assets":{"tinymce-rails.manifest.js":"tinymce-rails.manifest-6a3cf5192354f71615ac51034b3e97c20eda99643fcaf5bbe6d41ad59bd12167.js","tinymce/icons/default/icons.js":"tinymce/icons/default/icons-211fc0be30219de61f0e2117c9449817bb31cf49e783f43929d97b023fb2db44.js","tinymce/models/dom/model.js":"tinymce/models/dom/model-4b272503274b773aeb40d04e2228274f235aeed778011044aeee78ca6aa56e84.js","tinymce/plugins/advlist/plugin.js":"tinymce/plugins/advlist/plugin-1ca36afe463dbdb60507010c3aaad041f0446be5d8e640c02e9e87b45d3826aa.js","tinymce/plugins/anchor/plugin.js":"tinymce/plugins/anchor/plugin-ecf01c60f566dab033e2c7511fac1100a32613c23e9c8e426d04937aecb0e566.js","tinymce/plugins/autolink/plugin.js":"tinymce/plugins/autolink/plugin-cc42db34e1217fd780d5eb940ad92c81773cc10ac0d24a69ecb97ec80e7b704f.js","tinymce/plugins/autoresize/plugin.js":"tinymce/plugins/autoresize/plugin-6f6671946115f89be23380e369190f34d4f7f85cf79c158eb5890e162696f7a4.js","tinymce/plugins/autosave/plugin.js":"tinymce/plugins/autosave/plugin-099b859439629b71ff8c30b858371a0931f02f1c1047ba52693f27a372c09c46.js","tinymce/plugins/charmap/plugin.js":"tinymce/plugins/charmap/plugin-2b98150648870d082c52ede69bd65943cc93f907e4e1abe693992654c4dd4dd5.js","tinymce/plugins/code/plugin.js":"tinymce/plugins/code/plugin-e303c44f7806ddbd13ac759310087d71e8fc8aed99c2e52a991f8e4d18a665bd.js","tinymce/plugins/codesample/plugin.js":"tinymce/plugins/codesample/plugin-7e45a8bdc23c08d0edbf249dee421dec6764de56f56de87760011bafbbb2e1ac.js","tinymce/plugins/directionality/plugin.js":"tinymce/plugins/directionality/plugin-f31142c72963a845818ea65d25efb2ea76c0519a88ffb0b282f81d0b819b7e9c.js","tinymce/plugins/emoticons/js/emojiimages.js":"tinymce/plugins/emoticons/js/emojiimages-5fb6508e2e3d8cdb0fa74f836f71a425edb361b32d6a74c782ddf6276b52a26f.js","tinymce/plugins/emoticons/js/emojis.js":"tinymce/plugins/emoticons/js/emojis-95f79619d59f6c808bafc1b12341090902be63b3a5c340cc2cabcf3e16aa4c3a.js","tinymce/plugins/emoticons/plugin.js":"tinymce/plugins/emoticons/plugin-cb00052755d103e3151de71e75bbe92d9fc29a6662fb12097fef5610b37f52d6.js","tinymce/plugins/fullscreen/plugin.js":"tinymce/plugins/fullscreen/plugin-9cfadffc0bf8ec8eae65e7745ba72850d9114b2ed357b7022e236e8f0ed42457.js","tinymce/plugins/help/plugin.js":"tinymce/plugins/help/plugin-a82a31baa3b89a8b6452891e79e7dabf3387eb1e2a49b23afeff9d23985ae21c.js","tinymce/plugins/image/plugin.js":"tinymce/plugins/image/plugin-e03867d1a65cba92505705cca4bc674f88cf775e401eaee2505af180f2666d68.js","tinymce/plugins/importcss/plugin.js":"tinymce/plugins/importcss/plugin-c77550df787779d22d22215eceeec244d9db069ecb17a46c77069fd75435e53a.js","tinymce/plugins/insertdatetime/plugin.js":"tinymce/plugins/insertdatetime/plugin-7c666f44723cd65290805bd73219555a37a695a063b73d7030e44632dc799505.js","tinymce/plugins/link/plugin.js":"tinymce/plugins/link/plugin-d288d4f44318c75dfc311e9607f545ebb4838fa8d84529541770f0506a0cc72d.js","tinymce/plugins/lists/plugin.js":"tinymce/plugins/lists/plugin-b27fe39f9d4ce5840352a72732ba057d2a10952a0f7993af71c4661d76ce9fdc.js","tinymce/plugins/media/plugin.js":"tinymce/plugins/media/plugin-7011361fd9a2873fc7a5cc30684e130ae3c9aab99386e93ed643f97b553d0de9.js","tinymce/plugins/nonbreaking/plugin.js":"tinymce/plugins/nonbreaking/plugin-116b5378304619bd808c4fccbce6d0b71f066d9768f485cbf0685c352e3ef867.js","tinymce/plugins/pagebreak/plugin.js":"tinymce/plugins/pagebreak/plugin-6250ebefa051e5e04e55745d2729273f75f1e3c263ee4c35de49fe0f5fd598b3.js","tinymce/plugins/preview/plugin.js":"tinymce/plugins/preview/plugin-2e6c7cc1e1ac4d92058155795dccf2611e354c655c2f986c664172dc06bb6a68.js","tinymce/plugins/quickbars/plugin.js":"tinymce/plugins/quickbars/plugin-0ee2e02364a04035cddc9565ef1946fce8bb93e065a583547928bde13ed824bf.js","tinymce/plugins/save/plugin.js":"tinymce/plugins/save/plugin-daa12c63af0ee49884478397628fc5145f7fc371b3dac72ddc56b983bb9620ae.js","tinymce/plugins/searchreplace/plugin.js":"tinymce/plugins/searchreplace/plugin-0cc6aa57a27c4230e7dc2ed4102e980b902e60dde1eb457d3bd143e383496737.js","tinymce/plugins/table/plugin.js":"tinymce/plugins/table/plugin-f26c10be502377d4518b9dd2508667e1036d3ce19926bd34cec2209b23c2318d.js","tinymce/plugins/template/plugin.js":"tinymce/plugins/template/plugin-733c230ac8429b80700d328933bc0c4cf4d91d72fc674b7facacfe7ad8115535.js","tinymce/plugins/visualblocks/plugin.js":"tinymce/plugins/visualblocks/plugin-36177f4ffcb13299feac944dfebe7a81b7af3731d776af399433e3a90ba37646.js","tinymce/plugins/visualchars/plugin.js":"tinymce/plugins/visualchars/plugin-91b4d8608a4c97c048c8612981bc11db7a44bde22f727f6b4678aba439e527a4.js","tinymce/plugins/wordcount/plugin.js":"tinymce/plugins/wordcount/plugin-3f0a8d86cde97038a38db4d44a53aed04696630449d790d9a6920e7f6074251d.js","tinymce/themes/silver/theme.js":"tinymce/themes/silver/theme-9dc9e39d66eddda87c525ec458c7e579bbc6eb23023948892ed79bcafba542be.js","tinymce/tinymce.js":"tinymce/tinymce-e40fe843c9b74e7bc51a30c7698bdf6c61ec323879d8d43f4d9fbf27259b571f.js","tinymce/skins/content/dark/content.css":"tinymce/skins/content/dark/content-309da6774e54298a4410ce8b46cf9fad1fdfdc8932b4eae252009183ff99c2e6.css","tinymce/skins/content/dark/content.min.css":"tinymce/skins/content/dark/content.min-309da6774e54298a4410ce8b46cf9fad1fdfdc8932b4eae252009183ff99c2e6.css","tinymce/skins/content/default/content.css":"tinymce/skins/content/default/content-245f475b07f8bd8b85aaae5bd67077a237bf85e53185736bb1bc2092aca2b33a.css","tinymce/skins/content/default/content.min.css":"tinymce/skins/content/default/content.min-245f475b07f8bd8b85aaae5bd67077a237bf85e53185736bb1bc2092aca2b33a.css","tinymce/skins/content/document/content.css":"tinymce/skins/content/document/content-54e93abcfee4eb6acf8bacfad0d967e31d95977d2dcf74b09485608e0f486d9f.css","tinymce/skins/content/document/content.min.css":"tinymce/skins/content/document/content.min-54e93abcfee4eb6acf8bacfad0d967e31d95977d2dcf74b09485608e0f486d9f.css","tinymce/skins/content/tinymce-5-dark/content.css":"tinymce/skins/content/tinymce-5-dark/content-b038b03a15de40771e6565b5541b24832c37b8328256ce6c7b1dfeb10f02eab7.css","tinymce/skins/content/tinymce-5-dark/content.min.css":"tinymce/skins/content/tinymce-5-dark/content.min-b038b03a15de40771e6565b5541b24832c37b8328256ce6c7b1dfeb10f02eab7.css","tinymce/skins/content/tinymce-5/content.css":"tinymce/skins/content/tinymce-5/content-245f475b07f8bd8b85aaae5bd67077a237bf85e53185736bb1bc2092aca2b33a.css","tinymce/skins/content/tinymce-5/content.min.css":"tinymce/skins/content/tinymce-5/content.min-245f475b07f8bd8b85aaae5bd67077a237bf85e53185736bb1bc2092aca2b33a.css","tinymce/skins/content/writer/content.css":"tinymce/skins/content/writer/content-2c73e4adbf51fe1bd75f24e16c46f851e9d789a85fcf5a5ff509fbb46b915b7d.css","tinymce/skins/content/writer/content.min.css":"tinymce/skins/content/writer/content.min-2c73e4adbf51fe1bd75f24e16c46f851e9d789a85fcf5a5ff509fbb46b915b7d.css","tinymce/skins/ui/oxide-dark/content.css":"tinymce/skins/ui/oxide-dark/content-8cad78ae0aa88450a2f87df2bba4819031fb444cec201f6fd2ca13f8fbb10989.css","tinymce/skins/ui/oxide-dark/content.inline.css":"tinymce/skins/ui/oxide-dark/content.inline-a55ede648af586e1a5db7dc64abedb3129a09fd8ec0a7f06c6011f9bacd96d6a.css","tinymce/skins/ui/oxide-dark/content.inline.min.css":"tinymce/skins/ui/oxide-dark/content.inline.min-a55ede648af586e1a5db7dc64abedb3129a09fd8ec0a7f06c6011f9bacd96d6a.css","tinymce/skins/ui/oxide-dark/content.min.css":"tinymce/skins/ui/oxide-dark/content.min-8cad78ae0aa88450a2f87df2bba4819031fb444cec201f6fd2ca13f8fbb10989.css","tinymce/skins/ui/oxide-dark/skin.css":"tinymce/skins/ui/oxide-dark/skin-92c2b26cff65020152e68800638e73263786cfa8c12a841161e6460b74343936.css","tinymce/skins/ui/oxide-dark/skin.min.css":"tinymce/skins/ui/oxide-dark/skin.min-92c2b26cff65020152e68800638e73263786cfa8c12a841161e6460b74343936.css","tinymce/skins/ui/oxide-dark/skin.shadowdom.css":"tinymce/skins/ui/oxide-dark/skin.shadowdom-8b1e8a4d3e3e56c6fefa4f6ddc47ebe5caf51f8d7d522d773f41a2603526d80b.css","tinymce/skins/ui/oxide-dark/skin.shadowdom.min.css":"tinymce/skins/ui/oxide-dark/skin.shadowdom.min-8b1e8a4d3e3e56c6fefa4f6ddc47ebe5caf51f8d7d522d773f41a2603526d80b.css","tinymce/skins/ui/oxide/content.css":"tinymce/skins/ui/oxide/content-503301297d209e2aadf62b9001ac4ee70507c7c34b6524268df0d7d3c5ce1e74.css","tinymce/skins/ui/oxide/content.inline.css":"tinymce/skins/ui/oxide/content.inline-a55ede648af586e1a5db7dc64abedb3129a09fd8ec0a7f06c6011f9bacd96d6a.css","tinymce/skins/ui/oxide/content.inline.min.css":"tinymce/skins/ui/oxide/content.inline.min-a55ede648af586e1a5db7dc64abedb3129a09fd8ec0a7f06c6011f9bacd96d6a.css","tinymce/skins/ui/oxide/content.min.css":"tinymce/skins/ui/oxide/content.min-503301297d209e2aadf62b9001ac4ee70507c7c34b6524268df0d7d3c5ce1e74.css","tinymce/skins/ui/oxide/skin.css":"tinymce/skins/ui/oxide/skin-9f1005d7c0a0e5f21be8f453097c4bafac26dcf986e35f28303af328d25f8ec5.css","tinymce/skins/ui/oxide/skin.min.css":"tinymce/skins/ui/oxide/skin.min-9f1005d7c0a0e5f21be8f453097c4bafac26dcf986e35f28303af328d25f8ec5.css","tinymce/skins/ui/oxide/skin.shadowdom.css":"tinymce/skins/ui/oxide/skin.shadowdom-8b1e8a4d3e3e56c6fefa4f6ddc47ebe5caf51f8d7d522d773f41a2603526d80b.css","tinymce/skins/ui/oxide/skin.shadowdom.min.css":"tinymce/skins/ui/oxide/skin.shadowdom.min-8b1e8a4d3e3e56c6fefa4f6ddc47ebe5caf51f8d7d522d773f41a2603526d80b.css","tinymce/skins/ui/tinymce-5-dark/content.css":"tinymce/skins/ui/tinymce-5-dark/content-8cad78ae0aa88450a2f87df2bba4819031fb444cec201f6fd2ca13f8fbb10989.css","tinymce/skins/ui/tinymce-5-dark/content.inline.css":"tinymce/skins/ui/tinymce-5-dark/content.inline-a55ede648af586e1a5db7dc64abedb3129a09fd8ec0a7f06c6011f9bacd96d6a.css","tinymce/skins/ui/tinymce-5-dark/content.inline.min.css":"tinymce/skins/ui/tinymce-5-dark/content.inline.min-a55ede648af586e1a5db7dc64abedb3129a09fd8ec0a7f06c6011f9bacd96d6a.css","tinymce/skins/ui/tinymce-5-dark/content.min.css":"tinymce/skins/ui/tinymce-5-dark/content.min-8cad78ae0aa88450a2f87df2bba4819031fb444cec201f6fd2ca13f8fbb10989.css","tinymce/skins/ui/tinymce-5-dark/skin.css":"tinymce/skins/ui/tinymce-5-dark/skin-a55bd31986e06583d9d3ebc2314a5d3852533e686bace3355d36be52070f8984.css","tinymce/skins/ui/tinymce-5-dark/skin.min.css":"tinymce/skins/ui/tinymce-5-dark/skin.min-a55bd31986e06583d9d3ebc2314a5d3852533e686bace3355d36be52070f8984.css","tinymce/skins/ui/tinymce-5-dark/skin.shadowdom.css":"tinymce/skins/ui/tinymce-5-dark/skin.shadowdom-8b1e8a4d3e3e56c6fefa4f6ddc47ebe5caf51f8d7d522d773f41a2603526d80b.css","tinymce/skins/ui/tinymce-5-dark/skin.shadowdom.min.css":"tinymce/skins/ui/tinymce-5-dark/skin.shadowdom.min-8b1e8a4d3e3e56c6fefa4f6ddc47ebe5caf51f8d7d522d773f41a2603526d80b.css","tinymce/skins/ui/tinymce-5/content.css":"tinymce/skins/ui/tinymce-5/content-503301297d209e2aadf62b9001ac4ee70507c7c34b6524268df0d7d3c5ce1e74.css","tinymce/skins/ui/tinymce-5/content.inline.css":"tinymce/skins/ui/tinymce-5/content.inline-a55ede648af586e1a5db7dc64abedb3129a09fd8ec0a7f06c6011f9bacd96d6a.css","tinymce/skins/ui/tinymce-5/content.inline.min.css":"tinymce/skins/ui/tinymce-5/content.inline.min-a55ede648af586e1a5db7dc64abedb3129a09fd8ec0a7f06c6011f9bacd96d6a.css","tinymce/skins/ui/tinymce-5/content.min.css":"tinymce/skins/ui/tinymce-5/content.min-503301297d209e2aadf62b9001ac4ee70507c7c34b6524268df0d7d3c5ce1e74.css","tinymce/skins/ui/tinymce-5/skin.css":"tinymce/skins/ui/tinymce-5/skin-5bd26365ee8e8c7a2ff8b4f650a051687a089324cab128d80a5ca4123432893b.css","tinymce/skins/ui/tinymce-5/skin.min.css":"tinymce/skins/ui/tinymce-5/skin.min-5bd26365ee8e8c7a2ff8b4f650a051687a089324cab128d80a5ca4123432893b.css","tinymce/skins/ui/tinymce-5/skin.shadowdom.css":"tinymce/skins/ui/tinymce-5/skin.shadowdom-8b1e8a4d3e3e56c6fefa4f6ddc47ebe5caf51f8d7d522d773f41a2603526d80b.css","tinymce/skins/ui/tinymce-5/skin.shadowdom.min.css":"tinymce/skins/ui/tinymce-5/skin.shadowdom.min-8b1e8a4d3e3e56c6fefa4f6ddc47ebe5caf51f8d7d522d773f41a2603526d80b.css","tinymce.js":"tinymce-13d89e5df85007157018be462e54fb79d34d7f32e6e4e073f4375864a3e7e844.js","application.js":"application-75a11da44c802486bc6f65640aa48a730f0f684c5c07a42ba3cd1735eb3fb070.js","application.css":"application-b22be7b50923b0c38eae75f31b98115b33659809d982bcd2d63c0d7de420d178.css","posts.css":"posts-e3b0c44298fc1c149afbf4c8996fb92427ae41e4649b934ca495991b7852b855.css","scaffolds.css":"scaffolds-2c140893ec081329bc89e01deb280d54ba3ec40ebccb98ac2f91f64c4a76ee5d.css","tinymce/preinit.js":"tinymce/preinit-84328a53e798df12f891eb49871773fd9f925439c8630e9e22423a82ef9e6f89.js","tinymce/rails.js":"tinymce/rails-ac0c73763b746f8cf38da3fea7351be9b27666ac25f1eca15902fdbcfb22e612.js","tinymce/langs/README.md":"tinymce/langs/README-5a8b6a04d57b5c88e3fb7f2a870b8e2d3a48ec03ce6474206c41df78c155b2de.md","tinymce/license.txt":"tinymce/license-55cc2df5c872aa8f94bb8d05839e736003069d84317bda2e4ada4c03b604871a.txt","tinymce/tinymce.d.ts":"tinymce/tinymce.d-268b6a074f4cd34d8b511c68fc9ef88a44773cbc0b763f61a15ecf31e2fbfeca.ts"}}